[{"_id":"5e838c5ff14b41590cbe3a80","data":[{"id":"a5Xkpg6ZsMM","created_at":"2019-11-02T04:24:06-04:00","updated_at":"2019-11-08T01:15:41-05:00","promoted_at":null,"width":5472,"height":3648,"color":"#EAE9E2","description":null,"alt_description":"brown bridge during daytime","urls":{"raw":"https://images.unsplash.com/photo-1572683015041-cb004710cb4d?ixlib=rb-1.2.1&ixid=eyJhcHBfaWQiOjExNDY3Nn0","full":"https://images.unsplash.com/photo-1572683015041-cb004710cb4d?ixlib=rb-1.2.1&q=85&fm=jpg&crop=entropy&cs=srgb&ixid=eyJhcHBfaWQiOjExNDY3Nn0","regular":"https://images.unsplash.com/photo-1572683015041-cb004710cb4d?ixlib=rb-1.2.1&q=80&fm=jpg&crop=entropy&cs=tinysrgb&w=1080&fit=max&ixid=eyJhcHBfaWQiOjExNDY3Nn0","small":"https://images.unsplash.com/photo-1572683015041-cb004710cb4d?ixlib=rb-1.2.1&q=80&fm=jpg&crop=entropy&cs=tinysrgb&w=400&fit=max&ixid=eyJhcHBfaWQiOjExNDY3Nn0","thumb":"https://images.unsplash.com/photo-1572683015041-cb004710cb4d?ixlib=rb-1.2.1&q=80&fm=jpg&crop=entropy&cs=tinysrgb&w=200&fit=max&ixid=eyJhcHBfaWQiOjExNDY3Nn0"},"links":{"self":"https://api.unsplash.com/photos/a5Xkpg6ZsMM","html":"https://unsplash.com/photos/a5Xkpg6ZsMM","download":"https://unsplash.com/photos/a5Xkpg6ZsMM/download","download_location":"https://api.unsplash.com/photos/a5Xkpg6ZsMM/download"},"categories":[],"likes":3,"liked_by_user":false,"current_user_collections":[],"user":{"id":"0M0pNmx2ISs","updated_at":"2020-03-31T10:56:34-04:00","username":"arsonic","name":"Johann AKA","first_name":"Johann","last_name":"AKA","twitter_username":null,"portfolio_url":"https://www.youtube.com/channel/UCvtndzrUBbWfvK7INM6VDzQ","bio":null,"location":"Montpellier","links":{"self":"https://api.unsplash.com/users/arsonic","html":"https://unsplash.com/@arsonic","photos":"https://api.unsplash.com/users/arsonic/photos","likes":"https://api.unsplash.com/users/arsonic/likes","portfolio":"https://api.unsplash.com/users/arsonic/portfolio","following":"https://api.unsplash.com/users/arsonic/following","followers":"https://api.unsplash.com/users/arsonic/followers"},"profile_image":{"small":"https://images.unsplash.com/profile-1568553186334-6c20312e4bc4image?ixlib=rb-1.2.1&q=80&fm=jpg&crop=faces&cs=tinysrgb&fit=crop&h=32&w=32","medium":"https://images.unsplash.com/profile-1568553186334-6c20312e4bc4image?ixlib=rb-1.2.1&q=80&fm=jpg&crop=faces&cs=tinysrgb&fit=crop&h=64&w=64","large":"https://images.unsplash.com/profile-1568553186334-6c20312e4bc4image?ixlib=rb-1.2.1&q=80&fm=jpg&crop=faces&cs=tinysrgb&fit=crop&h=128&w=128"},"instagram_username":"Akarsonic","total_collections":0,"total_likes":0,"total_photos":9,"accepted_tos":true},"tags":[{"type":"landing_page","title":"nature","source":{"ancestry":{"type":{"slug":"images","pretty_slug":"Images"},"category":{"slug":"nature","pretty_slug":"Nature"}},"title":"Nature Images","subtitle":"Download free nature images","description":"Nature produces the most astoundingly beautiful images: the swirling lava of a volcano, palm trees against a blue sky, snow-capped mountains towering above. Unsplash has magnificent , high-quality photos of all the delights that nature has to offer.","meta_title":"100+ Nature Pictures | Download Free Images & Stock Photos on Unsplash","meta_description":"Choose from hundreds of free nature pictures. Download HD nature photos for free on Unsplash.","cover_photo":{"id":"VE5FRc7uiC4","created_at":"2018-10-15T04:58:20-04:00","updated_at":"2020-03-21T01:03:55-04:00","promoted_at":"2018-10-15T08:23:00-04:00","width":4640,"height":3480,"color":"#989EAF","description":"lost in the sky","alt_description":"star in space","urls":{"raw":"https://images.unsplash.com/photo-1539593395743-7da5ee10ff07?ixlib=rb-1.2.1","full":"https://images.unsplash.com/photo-1539593395743-7da5ee10ff07?ixlib=rb-1.2.1&q=85&fm=jpg&crop=entropy&cs=srgb","regular":"https://images.unsplash.com/photo-1539593395743-7da5ee10ff07?ixlib=rb-1.2.1&q=80&fm=jpg&crop=entropy&cs=tinysrgb&w=1080&fit=max","small":"https://images.unsplash.com/photo-1539593395743-7da5ee10ff07?ixlib=rb-1.2.1&q=80&fm=jpg&crop=entropy&cs=tinysrgb&w=400&fit=max","thumb":"https://images.unsplash.com/photo-1539593395743-7da5ee10ff07?ixlib=rb-1.2.1&q=80&fm=jpg&crop=entropy&cs=tinysrgb&w=200&fit=max"},"links":{"self":"https://api.unsplash.com/photos/VE5FRc7uiC4","html":"https://unsplash.com/photos/VE5FRc7uiC4","download":"https://unsplash.com/photos/VE5FRc7uiC4/download","download_location":"https://api.unsplash.com/photos/VE5FRc7uiC4/download"},"categories":[],"likes":96,"liked_by_user":false,"current_user_collections":[],"user":{"id":"PvaYY7qgvqU","updated_at":"2020-03-20T18:02:10-04:00","username":"akin","name":"AK¥N Cakiner","first_name":"AK¥N","last_name":"Cakiner","twitter_username":"pausyworld","portfolio_url":"https://akincakiner.com/","bio":null,"location":"almelo","links":{"self":"https://api.unsplash.com/users/akin","html":"https://unsplash.com/@akin","photos":"https://api.unsplash.com/users/akin/photos","likes":"https://api.unsplash.com/users/akin/likes","portfolio":"https://api.unsplash.com/users/akin/portfolio","following":"https://api.unsplash.com/users/akin/following","followers":"https://api.unsplash.com/users/akin/followers"},"profile_image":{"small":"https://images.unsplash.com/profile-1578436703762-5a9ab2f10de8image?ixlib=rb-1.2.1&q=80&fm=jpg&crop=faces&cs=tinysrgb&fit=crop&h=32&w=32","medium":"https://images.unsplash.com/profile-1578436703762-5a9ab2f10de8image?ixlib=rb-1.2.1&q=80&fm=jpg&crop=faces&cs=tinysrgb&fit=crop&h=64&w=64","large":"https://images.unsplash.com/profile-1578436703762-5a9ab2f10de8image?ixlib=rb-1.2.1&q=80&fm=jpg&crop=faces&cs=tinysrgb&fit=crop&h=128&w=128"},"instagram_username":"akincakiner","total_collections":0,"total_likes":61,"total_photos":243,"accepted_tos":true}}}},{"type":"search","title":"outdoors"},{"type":"landing_page","title":"water","source":{"ancestry":{"type":{"slug":"wallpapers","pretty_slug":"HD Wallpapers"},"category":{"slug":"nature","pretty_slug":"Nature"},"subcategory":{"slug":"water","pretty_slug":"Water"}},"title":"HD Water Wallpapers","subtitle":"Download Free Water Wallpapers","description":"Choose from a curated selection of water wallpapers for your mobile and desktop screens. Always free on Unsplash.","meta_title":"Water Wallpapers: Free HD Download [500+ HQ] | Unsplash","meta_description":"Choose from hundreds of free water wallpapers. Download HD wallpapers for free on Unsplash.","cover_photo":{"id":"fbbxMwwKqZk","created_at":"2019-07-29T12:55:54-04:00","updated_at":"2020-03-21T01:03:59-04:00","promoted_at":null,"width":3631,"height":5446,"color":"#181B1A","description":null,"alt_description":"white and black cardboard box","urls":{"raw":"https://images.unsplash.com/photo-1564419320461-6870880221ad?ixlib=rb-1.2.1","full":"https://images.unsplash.com/photo-1564419320461-6870880221ad?ixlib=rb-1.2.1&q=85&fm=jpg&crop=entropy&cs=srgb","regular":"https://images.unsplash.com/photo-1564419320461-6870880221ad?ixlib=rb-1.2.1&q=80&fm=jpg&crop=entropy&cs=tinysrgb&w=1080&fit=max","small":"https://images.unsplash.com/photo-1564419320461-6870880221ad?ixlib=rb-1.2.1&q=80&fm=jpg&crop=entropy&cs=tinysrgb&w=400&fit=max","thumb":"https://images.unsplash.com/photo-1564419320461-6870880221ad?ixlib=rb-1.2.1&q=80&fm=jpg&crop=entropy&cs=tinysrgb&w=200&fit=max"},"links":{"self":"https://api.unsplash.com/photos/fbbxMwwKqZk","html":"https://unsplash.com/photos/fbbxMwwKqZk","download":"https://unsplash.com/photos/fbbxMwwKqZk/download","download_location":"https://api.unsplash.com/photos/fbbxMwwKqZk/download"},"categories":[],"likes":98,"liked_by_user":false,"current_user_collections":[],"user":{"id":"8Ae1yJe8OoA","updated_at":"2020-03-20T11:24:04-04:00","username":"boxedwater","name":"Boxed Water Is Better","first_name":"Boxed Water Is Better","last_name":null,"twitter_username":"boxedwater","portfolio_url":"https://boxedwaterisbetter.com/","bio":"👋 We're a sustainable alternative to plastic water bottles.","location":"Grand Rapids, MI","links":{"self":"https://api.unsplash.com/users/boxedwater","html":"https://unsplash.com/@boxedwater","photos":"https://api.unsplash.com/users/boxedwater/photos","likes":"https://api.unsplash.com/users/boxedwater/likes","portfolio":"https://api.unsplash.com/users/boxedwater/portfolio","following":"https://api.unsplash.com/users/boxedwater/following","followers":"https://api.unsplash.com/users/boxedwater/followers"},"profile_image":{"small":"https://images.unsplash.com/profile-1557251674406-effb9d313841?ixlib=rb-1.2.1&q=80&fm=jpg&crop=faces&cs=tinysrgb&fit=crop&h=32&w=32","medium":"https://images.unsplash.com/profile-1557251674406-effb9d313841?ixlib=rb-1.2.1&q=80&fm=jpg&crop=faces&cs=tinysrgb&fit=crop&h=64&w=64","large":"https://images.unsplash.com/profile-1557251674406-effb9d313841?ixlib=rb-1.2.1&q=80&fm=jpg&crop=faces&cs=tinysrgb&fit=crop&h=128&w=128"},"instagram_username":"boxedwater","total_collections":0,"total_likes":3,"total_photos":82,"accepted_tos":true}}}}]},{"id":"peMlacqAZjo","created_at":"2018-05-27T12:11:40-04:00","updated_at":"2020-02-28T00:05:25-05:00","promoted_at":null,"width":3637,"height":2515,"color":"#F9F8F5","description":"Prank","alt_description":null,"urls":{"raw":"https://images.unsplash.com/photo-1527437445244-7e10c0f68034?ixlib=rb-1.2.1&ixid=eyJhcHBfaWQiOjExNDY3Nn0","full":"https://images.unsplash.com/photo-1527437445244-7e10c0f68034?ixlib=rb-1.2.1&q=85&fm=jpg&crop=entropy&cs=srgb&ixid=eyJhcHBfaWQiOjExNDY3Nn0","regular":"https://images.unsplash.com/photo-1527437445244-7e10c0f68034?ixlib=rb-1.2.1&q=80&fm=jpg&crop=entropy&cs=tinysrgb&w=1080&fit=max&ixid=eyJhcHBfaWQiOjExNDY3Nn0","small":"https://images.unsplash.com/photo-1527437445244-7e10c0f68034?ixlib=rb-1.2.1&q=80&fm=jpg&crop=entropy&cs=tinysrgb&w=400&fit=max&ixid=eyJhcHBfaWQiOjExNDY3Nn0","thumb":"https://images.unsplash.com/photo-1527437445244-7e10c0f68034?ixlib=rb-1.2.1&q=80&fm=jpg&crop=entropy&cs=tinysrgb&w=200&fit=max&ixid=eyJhcHBfaWQiOjExNDY3Nn0"},"links":{"self":"https://api.unsplash.com/photos/peMlacqAZjo","html":"https://unsplash.com/photos/peMlacqAZjo","download":"https://unsplash.com/photos/peMlacqAZjo/download","download_location":"https://api.unsplash.com/photos/peMlacqAZjo/download"},"categories":[],"likes":37,"liked_by_user":false,"current_user_collections":[],"user":{"id":"Bkswws8Js0A","updated_at":"2020-03-10T00:30:18-04:00","username":"letanloc1941995","name":"Andrew Le","first_name":"Andrew","last_name":"Le","twitter_username":"thanchetlee1995","portfolio_url":null,"bio":null,"location":null,"links":{"self":"https://api.unsplash.com/users/letanloc1941995","html":"https://unsplash.com/@letanloc1941995","photos":"https://api.unsplash.com/users/letanloc1941995/photos","likes":"https://api.unsplash.com/users/letanloc1941995/likes","portfolio":"https://api.unsplash.com/users/letanloc1941995/portfolio","following":"https://api.unsplash.com/users/letanloc1941995/following","followers":"https://api.unsplash.com/users/letanloc1941995/followers"},"profile_image":{"small":"https://images.unsplash.com/profile-1527418714616-dbc1b69b418a?ixlib=rb-1.2.1&q=80&fm=jpg&crop=faces&cs=tinysrgb&fit=crop&h=32&w=32","medium":"https://images.unsplash.com/profile-1527418714616-dbc1b69b418a?ixlib=rb-1.2.1&q=80&fm=jpg&crop=faces&cs=tinysrgb&fit=crop&h=64&w=64","large":"https://images.unsplash.com/profile-1527418714616-dbc1b69b418a?ixlib=rb-1.2.1&q=80&fm=jpg&crop=faces&cs=tinysrgb&fit=crop&h=128&w=128"},"instagram_username":null,"total_collections":3,"total_likes":25,"total_photos":30,"accepted_tos":true},"tags":[{"type":"landing_page","title":"person","source":{"ancestry":{"type":{"slug":"images","pretty_slug":"Images"},"category":{"slug":"people","pretty_slug":"People"}},"title":"People Images & Pictures","subtitle":"Download free people images","description":"Human faces speak to us in a way that language cannot. Everyone recognize a smile, a frown, tears. Unsplash has the finest selection of people images on the web: high-def and curated for quality. Family, friends, men, women, Unsplash has photos for all.","meta_title":"People Pictures [HQ] | Download Free Images on Unsplash","meta_description":"Choose from hundreds of free people pictures. Download HD people photos for free on Unsplash.","cover_photo":{"id":"PmNjS6b3XP4","created_at":"2017-04-20T18:04:07-04:00","updated_at":"2020-03-21T01:02:34-04:00","promoted_at":"2017-04-21T12:00:49-04:00","width":4630,"height":3087,"color":"#272D35","description":"Summer in France with baby","alt_description":"woman carrying baby while walking","urls":{"raw":"https://images.unsplash.com/photo-1492725764893-90b379c2b6e7?ixlib=rb-1.2.1","full":"https://images.unsplash.com/photo-1492725764893-90b379c2b6e7?ixlib=rb-1.2.1&q=85&fm=jpg&crop=entropy&cs=srgb","regular":"https://images.unsplash.com/photo-1492725764893-90b379c2b6e7?ixlib=rb-1.2.1&q=80&fm=jpg&crop=entropy&cs=tinysrgb&w=1080&fit=max","small":"https://images.unsplash.com/photo-1492725764893-90b379c2b6e7?ixlib=rb-1.2.1&q=80&fm=jpg&crop=entropy&cs=tinysrgb&w=400&fit=max","thumb":"https://images.unsplash.com/photo-1492725764893-90b379c2b6e7?ixlib=rb-1.2.1&q=80&fm=jpg&crop=entropy&cs=tinysrgb&w=200&fit=max"},"links":{"self":"https://api.unsplash.com/photos/PmNjS6b3XP4","html":"https://unsplash.com/photos/PmNjS6b3XP4","download":"https://unsplash.com/photos/PmNjS6b3XP4/download","download_location":"https://api.unsplash.com/photos/PmNjS6b3XP4/download"},"categories":[],"likes":1442,"liked_by_user":false,"current_user_collections":[],"user":{"id":"7S_pCRiCiQo","updated_at":"2020-03-12T11:13:23-04:00","username":"thedakotacorbin","name":"Dakota Corbin","first_name":"Dakota","last_name":"Corbin","twitter_username":"thedakotacorbin","portfolio_url":"http://www.dakotacorbin.com","bio":"Husband | Father | Art Director","location":"Utah, United States","links":{"self":"https://api.unsplash.com/users/thedakotacorbin","html":"https://unsplash.com/@thedakotacorbin","photos":"https://api.unsplash.com/users/thedakotacorbin/photos","likes":"https://api.unsplash.com/users/thedakotacorbin/likes","portfolio":"https://api.unsplash.com/users/thedakotacorbin/portfolio","following":"https://api.unsplash.com/users/thedakotacorbin/following","followers":"https://api.unsplash.com/users/thedakotacorbin/followers"},"profile_image":{"small":"https://images.unsplash.com/profile-1526492009234-3869bff1ca1d?ixlib=rb-1.2.1&q=80&fm=jpg&crop=faces&cs=tinysrgb&fit=crop&h=32&w=32","medium":"https://images.unsplash.com/profile-1526492009234-3869bff1ca1d?ixlib=rb-1.2.1&q=80&fm=jpg&crop=faces&cs=tinysrgb&fit=crop&h=64&w=64","large":"https://images.unsplash.com/profile-1526492009234-3869bff1ca1d?ixlib=rb-1.2.1&q=80&fm=jpg&crop=faces&cs=tinysrgb&fit=crop&h=128&w=128"},"instagram_username":"thedakotacorbin","total_collections":2,"total_likes":1,"total_photos":44,"accepted_tos":false}}}},{"type":"search","title":"human"},{"type":"landing_page","title":"people","source":{"ancestry":{"type":{"slug":"images","pretty_slug":"Images"},"category":{"slug":"people","pretty_slug":"People"}},"title":"People Images & Pictures","subtitle":"Download free people images","description":"Human faces speak to us in a way that language cannot. Everyone recognize a smile, a frown, tears. Unsplash has the finest selection of people images on the web: high-def and curated for quality. Family, friends, men, women, Unsplash has photos for all.","meta_title":"People Pictures [HQ] | Download Free Images on Unsplash","meta_description":"Choose from hundreds of free people pictures. Download HD people photos for free on Unsplash.","cover_photo":{"id":"PmNjS6b3XP4","created_at":"2017-04-20T18:04:07-04:00","updated_at":"2020-03-21T01:02:34-04:00","promoted_at":"2017-04-21T12:00:49-04:00","width":4630,"height":3087,"color":"#272D35","description":"Summer in France with baby","alt_description":"woman carrying baby while walking","urls":{"raw":"https://images.unsplash.com/photo-1492725764893-90b379c2b6e7?ixlib=rb-1.2.1","full":"https://images.unsplash.com/photo-1492725764893-90b379c2b6e7?ixlib=rb-1.2.1&q=85&fm=jpg&crop=entropy&cs=srgb","regular":"https://images.unsplash.com/photo-1492725764893-90b379c2b6e7?ixlib=rb-1.2.1&q=80&fm=jpg&crop=entropy&cs=tinysrgb&w=1080&fit=max","small":"https://images.unsplash.com/photo-1492725764893-90b379c2b6e7?ixlib=rb-1.2.1&q=80&fm=jpg&crop=entropy&cs=tinysrgb&w=400&fit=max","thumb":"https://images.unsplash.com/photo-1492725764893-90b379c2b6e7?ixlib=rb-1.2.1&q=80&fm=jpg&crop=entropy&cs=tinysrgb&w=200&fit=max"},"links":{"self":"https://api.unsplash.com/photos/PmNjS6b3XP4","html":"https://unsplash.com/photos/PmNjS6b3XP4","download":"https://unsplash.com/photos/PmNjS6b3XP4/download","download_location":"https://api.unsplash.com/photos/PmNjS6b3XP4/download"},"categories":[],"likes":1442,"liked_by_user":false,"current_user_collections":[],"user":{"id":"7S_pCRiCiQo","updated_at":"2020-03-12T11:13:23-04:00","username":"thedakotacorbin","name":"Dakota Corbin","first_name":"Dakota","last_name":"Corbin","twitter_username":"thedakotacorbin","portfolio_url":"http://www.dakotacorbin.com","bio":"Husband | Father | Art Director","location":"Utah, United States","links":{"self":"https://api.unsplash.com/users/thedakotacorbin","html":"https://unsplash.com/@thedakotacorbin","photos":"https://api.unsplash.com/users/thedakotacorbin/photos","likes":"https://api.unsplash.com/users/thedakotacorbin/likes","portfolio":"https://api.unsplash.com/users/thedakotacorbin/portfolio","following":"https://api.unsplash.com/users/thedakotacorbin/following","followers":"https://api.unsplash.com/users/thedakotacorbin/followers"},"profile_image":{"small":"https://images.unsplash.com/profile-1526492009234-3869bff1ca1d?ixlib=rb-1.2.1&q=80&fm=jpg&crop=faces&cs=tinysrgb&fit=crop&h=32&w=32","medium":"https://images.unsplash.com/profile-1526492009234-3869bff1ca1d?ixlib=rb-1.2.1&q=80&fm=jpg&crop=faces&cs=tinysrgb&fit=crop&h=64&w=64","large":"https://images.unsplash.com/profile-1526492009234-3869bff1ca1d?ixlib=rb-1.2.1&q=80&fm=jpg&crop=faces&cs=tinysrgb&fit=crop&h=128&w=128"},"instagram_username":"thedakotacorbin","total_collections":2,"total_likes":1,"total_photos":44,"accepted_tos":false}}}}]},{"id":"hm5wC_HY34E","created_at":"2019-06-22T06:20:10-04:00","updated_at":"2020-03-28T01:04:37-04:00","promoted_at":null,"width":5822,"height":3881,"color":"#E9E5E1","description":null,"alt_description":"waterfalls at forest","urls":{"raw":"https://images.unsplash.com/photo-1561198789-add490cf55a0?ixlib=rb-1.2.1&ixid=eyJhcHBfaWQiOjExNDY3Nn0","full":"https://images.unsplash.com/photo-1561198789-add490cf55a0?ixlib=rb-1.2.1&q=85&fm=jpg&crop=entropy&cs=srgb&ixid=eyJhcHBfaWQiOjExNDY3Nn0","regular":"https://images.unsplash.com/photo-1561198789-add490cf55a0?ixlib=rb-1.2.1&q=80&fm=jpg&crop=entropy&cs=tinysrgb&w=1080&fit=max&ixid=eyJhcHBfaWQiOjExNDY3Nn0","small":"https://images.unsplash.com/photo-1561198789-add490cf55a0?ixlib=rb-1.2.1&q=80&fm=jpg&crop=entropy&cs=tinysrgb&w=400&fit=max&ixid=eyJhcHBfaWQiOjExNDY3Nn0","thumb":"https://images.unsplash.com/photo-1561198789-add490cf55a0?ixlib=rb-1.2.1&q=80&fm=jpg&crop=entropy&cs=tinysrgb&w=200&fit=max&ixid=eyJhcHBfaWQiOjExNDY3Nn0"},"links":{"self":"https://api.unsplash.com/photos/hm5wC_HY34E","html":"https://unsplash.com/photos/hm5wC_HY34E","download":"https://unsplash.com/photos/hm5wC_HY34E/download","download_location":"https://api.unsplash.com/photos/hm5wC_HY34E/download"},"categories":[],"likes":35,"liked_by_user":false,"current_user_collections":[],"user":{"id":"eYVNJoiApEw","updated_at":"2019-11-30T12:35:15-05:00","username":"kjuri","name":"Marcin Szmigiel","first_name":"Marcin","last_name":"Szmigiel","twitter_username":null,"portfolio_url":null,"bio":null,"location":null,"links":{"self":"https://api.unsplash.com/users/kjuri","html":"https://unsplash.com/@kjuri","photos":"https://api.unsplash.com/users/kjuri/photos","likes":"https://api.unsplash.com/users/kjuri/likes","portfolio":"https://api.unsplash.com/users/kjuri/portfolio","following":"https://api.unsplash.com/users/kjuri/following","followers":"https://api.unsplash.com/users/kjuri/followers"},"profile_image":{"small":"https://images.unsplash.com/profile-fb-1522395512-6b913bd6e13a.jpg?ixlib=rb-1.2.1&q=80&fm=jpg&crop=faces&cs=tinysrgb&fit=crop&h=32&w=32","medium":"https://images.unsplash.com/profile-fb-1522395512-6b913bd6e13a.jpg?ixlib=rb-1.2.1&q=80&fm=jpg&crop=faces&cs=tinysrgb&fit=crop&h=64&w=64","large":"https://images.unsplash.com/profile-fb-1522395512-6b913bd6e13a.jpg?ixlib=rb-1.2.1&q=80&fm=jpg&crop=faces&cs=tinysrgb&fit=crop&h=128&w=128"},"instagram_username":null,"total_collections":0,"total_likes":0,"total_photos":11,"accepted_tos":true},"tags":[{"type":"landing_page","title":"nature","source":{"ancestry":{"type":{"slug":"images","pretty_slug":"Images"},"category":{"slug":"nature","pretty_slug":"Nature"}},"title":"Nature Images","subtitle":"Download free nature images","description":"Nature produces the most astoundingly beautiful images: the swirling lava of a volcano, palm trees against a blue sky, snow-capped mountains towering above. Unsplash has magnificent , high-quality photos of all the delights that nature has to offer.","meta_title":"100+ Nature Pictures | Download Free Images & Stock Photos on Unsplash","meta_description":"Choose from hundreds of free nature pictures. Download HD nature photos for free on Unsplash.","cover_photo":{"id":"VE5FRc7uiC4","created_at":"2018-10-15T04:58:20-04:00","updated_at":"2020-03-21T01:03:55-04:00","promoted_at":"2018-10-15T08:23:00-04:00","width":4640,"height":3480,"color":"#989EAF","description":"lost in the sky","alt_description":"star in space","urls":{"raw":"https://images.unsplash.com/photo-1539593395743-7da5ee10ff07?ixlib=rb-1.2.1","full":"https://images.unsplash.com/photo-1539593395743-7da5ee10ff07?ixlib=rb-1.2.1&q=85&fm=jpg&crop=entropy&cs=srgb","regular":"https://images.unsplash.com/photo-1539593395743-7da5ee10ff07?ixlib=rb-1.2.1&q=80&fm=jpg&crop=entropy&cs=tinysrgb&w=1080&fit=max","small":"https://images.unsplash.com/photo-1539593395743-7da5ee10ff07?ixlib=rb-1.2.1&q=80&fm=jpg&crop=entropy&cs=tinysrgb&w=400&fit=max","thumb":"https://images.unsplash.com/photo-1539593395743-7da5ee10ff07?ixlib=rb-1.2.1&q=80&fm=jpg&crop=entropy&cs=tinysrgb&w=200&fit=max"},"links":{"self":"https://api.unsplash.com/photos/VE5FRc7uiC4","html":"https://unsplash.com/photos/VE5FRc7uiC4","download":"https://unsplash.com/photos/VE5FRc7uiC4/download","download_location":"https://api.unsplash.com/photos/VE5FRc7uiC4/download"},"categories":[],"likes":96,"liked_by_user":false,"current_user_collections":[],"user":{"id":"PvaYY7qgvqU","updated_at":"2020-03-20T18:02:10-04:00","username":"akin","name":"AK¥N Cakiner","first_name":"AK¥N","last_name":"Cakiner","twitter_username":"pausyworld","portfolio_url":"https://akincakiner.com/","bio":null,"location":"almelo","links":{"self":"https://api.unsplash.com/users/akin","html":"https://unsplash.com/@akin","photos":"https://api.unsplash.com/users/akin/photos","likes":"https://api.unsplash.com/users/akin/likes","portfolio":"https://api.unsplash.com/users/akin/portfolio","following":"https://api.unsplash.com/users/akin/following","followers":"https://api.unsplash.com/users/akin/followers"},"profile_image":{"small":"https://images.unsplash.com/profile-1578436703762-5a9ab2f10de8image?ixlib=rb-1.2.1&q=80&fm=jpg&crop=faces&cs=tinysrgb&fit=crop&h=32&w=32","medium":"https://images.unsplash.com/profile-1578436703762-5a9ab2f10de8image?ixlib=rb-1.2.1&q=80&fm=jpg&crop=faces&cs=tinysrgb&fit=crop&h=64&w=64","large":"https://images.unsplash.com/profile-1578436703762-5a9ab2f10de8image?ixlib=rb-1.2.1&q=80&fm=jpg&crop=faces&cs=tinysrgb&fit=crop&h=128&w=128"},"instagram_username":"akincakiner","total_collections":0,"total_likes":61,"total_photos":243,"accepted_tos":true}}}},{"type":"landing_page","title":"water","source":{"ancestry":{"type":{"slug":"wallpapers","pretty_slug":"HD Wallpapers"},"category":{"slug":"nature","pretty_slug":"Nature"},"subcategory":{"slug":"water","pretty_slug":"Water"}},"title":"HD Water Wallpapers","subtitle":"Download Free Water Wallpapers","description":"Choose from a curated selection of water wallpapers for your mobile and desktop screens. Always free on Unsplash.","meta_title":"Water Wallpapers: Free HD Download [500+ HQ] | Unsplash","meta_description":"Choose from hundreds of free water wallpapers. Download HD wallpapers for free on Unsplash.","cover_photo":{"id":"fbbxMwwKqZk","created_at":"2019-07-29T12:55:54-04:00","updated_at":"2020-03-21T01:03:59-04:00","promoted_at":null,"width":3631,"height":5446,"color":"#181B1A","description":null,"alt_description":"white and black cardboard box","urls":{"raw":"https://images.unsplash.com/photo-1564419320461-6870880221ad?ixlib=rb-1.2.1","full":"https://images.unsplash.com/photo-1564419320461-6870880221ad?ixlib=rb-1.2.1&q=85&fm=jpg&crop=entropy&cs=srgb","regular":"https://images.unsplash.com/photo-1564419320461-6870880221ad?ixlib=rb-1.2.1&q=80&fm=jpg&crop=entropy&cs=tinysrgb&w=1080&fit=max","small":"https://images.unsplash.com/photo-1564419320461-6870880221ad?ixlib=rb-1.2.1&q=80&fm=jpg&crop=entropy&cs=tinysrgb&w=400&fit=max","thumb":"https://images.unsplash.com/photo-1564419320461-6870880221ad?ixlib=rb-1.2.1&q=80&fm=jpg&crop=entropy&cs=tinysrgb&w=200&fit=max"},"links":{"self":"https://api.unsplash.com/photos/fbbxMwwKqZk","html":"https://unsplash.com/photos/fbbxMwwKqZk","download":"https://unsplash.com/photos/fbbxMwwKqZk/download","download_location":"https://api.unsplash.com/photos/fbbxMwwKqZk/download"},"categories":[],"likes":98,"liked_by_user":false,"current_user_collections":[],"user":{"id":"8Ae1yJe8OoA","updated_at":"2020-03-20T11:24:04-04:00","username":"boxedwater","name":"Boxed Water Is Better","first_name":"Boxed Water Is Better","last_name":null,"twitter_username":"boxedwater","portfolio_url":"https://boxedwaterisbetter.com/","bio":"👋 We're a sustainable alternative to plastic water bottles.","location":"Grand Rapids, MI","links":{"self":"https://api.unsplash.com/users/boxedwater","html":"https://unsplash.com/@boxedwater","photos":"https://api.unsplash.com/users/boxedwater/photos","likes":"https://api.unsplash.com/users/boxedwater/likes","portfolio":"https://api.unsplash.com/users/boxedwater/portfolio","following":"https://api.unsplash.com/users/boxedwater/following","followers":"https://api.unsplash.com/users/boxedwater/followers"},"profile_image":{"small":"https://images.unsplash.com/profile-1557251674406-effb9d313841?ixlib=rb-1.2.1&q=80&fm=jpg&crop=faces&cs=tinysrgb&fit=crop&h=32&w=32","medium":"https://images.unsplash.com/profile-1557251674406-effb9d313841?ixlib=rb-1.2.1&q=80&fm=jpg&crop=faces&cs=tinysrgb&fit=crop&h=64&w=64","large":"https://images.unsplash.com/profile-1557251674406-effb9d313841?ixlib=rb-1.2.1&q=80&fm=jpg&crop=faces&cs=tinysrgb&fit=crop&h=128&w=128"},"instagram_username":"boxedwater","total_collections":0,"total_likes":3,"total_photos":82,"accepted_tos":true}}}},{"type":"search","title":"river"}]},{"id":"KG-oBlczZeI","created_at":"2019-06-22T06:20:10-04:00","updated_at":"2020-02-21T00:06:21-05:00","promoted_at":null,"width":5650,"height":3767,"color":"#EFEFEF","description":null,"alt_description":"waterfall and green trees","urls":{"raw":"https://images.unsplash.com/photo-1561198789-b9c2281e8040?ixlib=rb-1.2.1&ixid=eyJhcHBfaWQiOjExNDY3Nn0","full":"https://images.unsplash.com/photo-1561198789-b9c2281e8040?ixlib=rb-1.2.1&q=85&fm=jpg&crop=entropy&cs=srgb&ixid=eyJhcHBfaWQiOjExNDY3Nn0","regular":"https://images.unsplash.com/photo-1561198789-b9c2281e8040?ixlib=rb-1.2.1&q=80&fm=jpg&crop=entropy&cs=tinysrgb&w=1080&fit=max&ixid=eyJhcHBfaWQiOjExNDY3Nn0","small":"https://images.unsplash.com/photo-1561198789-b9c2281e8040?ixlib=rb-1.2.1&q=80&fm=jpg&crop=entropy&cs=tinysrgb&w=400&fit=max&ixid=eyJhcHBfaWQiOjExNDY3Nn0","thumb":"https://images.unsplash.com/photo-1561198789-b9c2281e8040?ixlib=rb-1.2.1&q=80&fm=jpg&crop=entropy&cs=tinysrgb&w=200&fit=max&ixid=eyJhcHBfaWQiOjExNDY3Nn0"},"links":{"self":"https://api.unsplash.com/photos/KG-oBlczZeI","html":"https://unsplash.com/photos/KG-oBlczZeI","download":"https://unsplash.com/photos/KG-oBlczZeI/download","download_location":"https://api.unsplash.com/photos/KG-oBlczZeI/download"},"categories":[],"likes":46,"liked_by_user":false,"current_user_collections":[],"user":{"id":"eYVNJoiApEw","updated_at":"2019-11-30T12:35:15-05:00","username":"kjuri","name":"Marcin Szmigiel","first_name":"Marcin","last_name":"Szmigiel","twitter_username":null,"portfolio_url":null,"bio":null,"location":null,"links":{"self":"https://api.unsplash.com/users/kjuri","html":"https://unsplash.com/@kjuri","photos":"https://api.unsplash.com/users/kjuri/photos","likes":"https://api.unsplash.com/users/kjuri/likes","portfolio":"https://api.unsplash.com/users/kjuri/portfolio","following":"https://api.unsplash.com/users/kjuri/following","followers":"https://api.unsplash.com/users/kjuri/followers"},"profile_image":{"small":"https://images.unsplash.com/profile-fb-1522395512-6b913bd6e13a.jpg?ixlib=rb-1.2.1&q=80&fm=jpg&crop=faces&cs=tinysrgb&fit=crop&h=32&w=32","medium":"https://images.unsplash.com/profile-fb-1522395512-6b913bd6e13a.jpg?ixlib=rb-1.2.1&q=80&fm=jpg&crop=faces&cs=tinysrgb&fit=crop&h=64&w=64","large":"https://images.unsplash.com/profile-fb-1522395512-6b913bd6e13a.jpg?ixlib=rb-1.2.1&q=80&fm=jpg&crop=faces&cs=tinysrgb&fit=crop&h=128&w=128"},"instagram_username":null,"total_collections":0,"total_likes":0,"total_photos":11,"accepted_tos":true},"tags":[{"type":"landing_page","title":"nature","source":{"ancestry":{"type":{"slug":"images","pretty_slug":"Images"},"category":{"slug":"nature","pretty_slug":"Nature"}},"title":"Nature Images","subtitle":"Download free nature images","description":"Nature produces the most astoundingly beautiful images: the swirling lava of a volcano, palm trees against a blue sky, snow-capped mountains towering above. Unsplash has magnificent , high-quality photos of all the delights that nature has to offer.","meta_title":"100+ Nature Pictures | Download Free Images & Stock Photos on Unsplash","meta_description":"Choose from hundreds of free nature pictures. Download HD nature photos for free on Unsplash.","cover_photo":{"id":"VE5FRc7uiC4","created_at":"2018-10-15T04:58:20-04:00","updated_at":"2020-03-21T01:03:55-04:00","promoted_at":"2018-10-15T08:23:00-04:00","width":4640,"height":3480,"color":"#989EAF","description":"lost in the sky","alt_description":"star in space","urls":{"raw":"https://images.unsplash.com/photo-1539593395743-7da5ee10ff07?ixlib=rb-1.2.1","full":"https://images.unsplash.com/photo-1539593395743-7da5ee10ff07?ixlib=rb-1.2.1&q=85&fm=jpg&crop=entropy&cs=srgb","regular":"https://images.unsplash.com/photo-1539593395743-7da5ee10ff07?ixlib=rb-1.2.1&q=80&fm=jpg&crop=entropy&cs=tinysrgb&w=1080&fit=max","small":"https://images.unsplash.com/photo-1539593395743-7da5ee10ff07?ixlib=rb-1.2.1&q=80&fm=jpg&crop=entropy&cs=tinysrgb&w=400&fit=max","thumb":"https://images.unsplash.com/photo-1539593395743-7da5ee10ff07?ixlib=rb-1.2.1&q=80&fm=jpg&crop=entropy&cs=tinysrgb&w=200&fit=max"},"links":{"self":"https://api.unsplash.com/photos/VE5FRc7uiC4","html":"https://unsplash.com/photos/VE5FRc7uiC4","download":"https://unsplash.com/photos/VE5FRc7uiC4/download","download_location":"https://api.unsplash.com/photos/VE5FRc7uiC4/download"},"categories":[],"likes":96,"liked_by_user":false,"current_user_collections":[],"user":{"id":"PvaYY7qgvqU","updated_at":"2020-03-20T18:02:10-04:00","username":"akin","name":"AK¥N Cakiner","first_name":"AK¥N","last_name":"Cakiner","twitter_username":"pausyworld","portfolio_url":"https://akincakiner.com/","bio":null,"location":"almelo","links":{"self":"https://api.unsplash.com/users/akin","html":"https://unsplash.com/@akin","photos":"https://api.unsplash.com/users/akin/photos","likes":"https://api.unsplash.com/users/akin/likes","portfolio":"https://api.unsplash.com/users/akin/portfolio","following":"https://api.unsplash.com/users/akin/following","followers":"https://api.unsplash.com/users/akin/followers"},"profile_image":{"small":"https://images.unsplash.com/profile-1578436703762-5a9ab2f10de8image?ixlib=rb-1.2.1&q=80&fm=jpg&crop=faces&cs=tinysrgb&fit=crop&h=32&w=32","medium":"https://images.unsplash.com/profile-1578436703762-5a9ab2f10de8image?ixlib=rb-1.2.1&q=80&fm=jpg&crop=faces&cs=tinysrgb&fit=crop&h=64&w=64","large":"https://images.unsplash.com/profile-1578436703762-5a9ab2f10de8image?ixlib=rb-1.2.1&q=80&fm=jpg&crop=faces&cs=tinysrgb&fit=crop&h=128&w=128"},"instagram_username":"akincakiner","total_collections":0,"total_likes":61,"total_photos":243,"accepted_tos":true}}}},{"type":"search","title":"outdoors"},{"type":"landing_page","title":"water","source":{"ancestry":{"type":{"slug":"wallpapers","pretty_slug":"HD Wallpapers"},"category":{"slug":"nature","pretty_slug":"Nature"},"subcategory":{"slug":"water","pretty_slug":"Water"}},"title":"HD Water Wallpapers","subtitle":"Download Free Water Wallpapers","description":"Choose from a curated selection of water wallpapers for your mobile and desktop screens. Always free on Unsplash.","meta_title":"Water Wallpapers: Free HD Download [500+ HQ] | Unsplash","meta_description":"Choose from hundreds of free water wallpapers. Download HD wallpapers for free on Unsplash.","cover_photo":{"id":"fbbxMwwKqZk","created_at":"2019-07-29T12:55:54-04:00","updated_at":"2020-03-21T01:03:59-04:00","promoted_at":null,"width":3631,"height":5446,"color":"#181B1A","description":null,"alt_description":"white and black cardboard box","urls":{"raw":"https://images.unsplash.com/photo-1564419320461-6870880221ad?ixlib=rb-1.2.1","full":"https://images.unsplash.com/photo-1564419320461-6870880221ad?ixlib=rb-1.2.1&q=85&fm=jpg&crop=entropy&cs=srgb","regular":"https://images.unsplash.com/photo-1564419320461-6870880221ad?ixlib=rb-1.2.1&q=80&fm=jpg&crop=entropy&cs=tinysrgb&w=1080&fit=max","small":"https://images.unsplash.com/photo-1564419320461-6870880221ad?ixlib=rb-1.2.1&q=80&fm=jpg&crop=entropy&cs=tinysrgb&w=400&fit=max","thumb":"https://images.unsplash.com/photo-1564419320461-6870880221ad?ixlib=rb-1.2.1&q=80&fm=jpg&crop=entropy&cs=tinysrgb&w=200&fit=max"},"links":{"self":"https://api.unsplash.com/photos/fbbxMwwKqZk","html":"https://unsplash.com/photos/fbbxMwwKqZk","download":"https://unsplash.com/photos/fbbxMwwKqZk/download","download_location":"https://api.unsplash.com/photos/fbbxMwwKqZk/download"},"categories":[],"likes":98,"liked_by_user":false,"current_user_collections":[],"user":{"id":"8Ae1yJe8OoA","updated_at":"2020-03-20T11:24:04-04:00","username":"boxedwater","name":"Boxed Water Is Better","first_name":"Boxed Water Is Better","last_name":null,"twitter_username":"boxedwater","portfolio_url":"https://boxedwaterisbetter.com/","bio":"👋 We're a sustainable alternative to plastic water bottles.","location":"Grand Rapids, MI","links":{"self":"https://api.unsplash.com/users/boxedwater","html":"https://unsplash.com/@boxedwater","photos":"https://api.unsplash.com/users/boxedwater/photos","likes":"https://api.unsplash.com/users/boxedwater/likes","portfolio":"https://api.unsplash.com/users/boxedwater/portfolio","following":"https://api.unsplash.com/users/boxedwater/following","followers":"https://api.unsplash.com/users/boxedwater/followers"},"profile_image":{"small":"https://images.unsplash.com/profile-1557251674406-effb9d313841?ixlib=rb-1.2.1&q=80&fm=jpg&crop=faces&cs=tinysrgb&fit=crop&h=32&w=32","medium":"https://images.unsplash.com/profile-1557251674406-effb9d313841?ixlib=rb-1.2.1&q=80&fm=jpg&crop=faces&cs=tinysrgb&fit=crop&h=64&w=64","large":"https://images.unsplash.com/profile-1557251674406-effb9d313841?ixlib=rb-1.2.1&q=80&fm=jpg&crop=faces&cs=tinysrgb&fit=crop&h=128&w=128"},"instagram_username":"boxedwater","total_collections":0,"total_likes":3,"total_photos":82,"accepted_tos":true}}}}]},{"id":"i9qmiW65NtI","created_at":"2019-06-22T06:20:09-04:00","updated_at":"2020-03-21T01:06:38-04:00","promoted_at":null,"width":5088,"height":3392,"color":"#F1F3F6","description":null,"alt_description":"waterfalls during daytime","urls":{"raw":"https://images.unsplash.com/photo-1561198789-f1f4302b66c7?ixlib=rb-1.2.1&ixid=eyJhcHBfaWQiOjExNDY3Nn0","full":"https://images.unsplash.com/photo-1561198789-f1f4302b66c7?ixlib=rb-1.2.1&q=85&fm=jpg&crop=entropy&cs=srgb&ixid=eyJhcHBfaWQiOjExNDY3Nn0","regular":"https://images.unsplash.com/photo-1561198789-f1f4302b66c7?ixlib=rb-1.2.1&q=80&fm=jpg&crop=entropy&cs=tinysrgb&w=1080&fit=max&ixid=eyJhcHBfaWQiOjExNDY3Nn0","small":"https://images.unsplash.com/photo-1561198789-f1f4302b66c7?ixlib=rb-1.2.1&q=80&fm=jpg&crop=entropy&cs=tinysrgb&w=400&fit=max&ixid=eyJhcHBfaWQiOjExNDY3Nn0","thumb":"https://images.unsplash.com/photo-1561198789-f1f4302b66c7?ixlib=rb-1.2.1&q=80&fm=jpg&crop=entropy&cs=tinysrgb&w=200&fit=max&ixid=eyJhcHBfaWQiOjExNDY3Nn0"},"links":{"self":"https://api.unsplash.com/photos/i9qmiW65NtI","html":"https://unsplash.com/photos/i9qmiW65NtI","download":"https://unsplash.com/photos/i9qmiW65NtI/download","download_location":"https://api.unsplash.com/photos/i9qmiW65NtI/download"},"categories":[],"likes":34,"liked_by_user":false,"current_user_collections":[],"user":{"id":"eYVNJoiApEw","updated_at":"2019-11-30T12:35:15-05:00","username":"kjuri","name":"Marcin Szmigiel","first_name":"Marcin","last_name":"Szmigiel","twitter_username":null,"portfolio_url":null,"bio":null,"location":null,"links":{"self":"https://api.unsplash.com/users/kjuri","html":"https://unsplash.com/@kjuri","photos":"https://api.unsplash.com/users/kjuri/photos","likes":"https://api.unsplash.com/users/kjuri/likes","portfolio":"https://api.unsplash.com/users/kjuri/portfolio","following":"https://api.unsplash.com/users/kjuri/following","followers":"https://api.unsplash.com/users/kjuri/followers"},"profile_image":{"small":"https://images.unsplash.com/profile-fb-1522395512-6b913bd6e13a.jpg?ixlib=rb-1.2.1&q=80&fm=jpg&crop=faces&cs=tinysrgb&fit=crop&h=32&w=32","medium":"https://images.unsplash.com/profile-fb-1522395512-6b913bd6e13a.jpg?ixlib=rb-1.2.1&q=80&fm=jpg&crop=faces&cs=tinysrgb&fit=crop&h=64&w=64","large":"https://images.unsplash.com/profile-fb-1522395512-6b913bd6e13a.jpg?ixlib=rb-1.2.1&q=80&fm=jpg&crop=faces&cs=tinysrgb&fit=crop&h=128&w=128"},"instagram_username":null,"total_collections":0,"total_likes":0,"total_photos":11,"accepted_tos":true},"tags":[{"type":"landing_page","title":"nature","source":{"ancestry":{"type":{"slug":"images","pretty_slug":"Images"},"category":{"slug":"nature","pretty_slug":"Nature"}},"title":"Nature Images","subtitle":"Download free nature images","description":"Nature produces the most astoundingly beautiful images: the swirling lava of a volcano, palm trees against a blue sky, snow-capped mountains towering above. Unsplash has magnificent , high-quality photos of all the delights that nature has to offer.","meta_title":"100+ Nature Pictures | Download Free Images & Stock Photos on Unsplash","meta_description":"Choose from hundreds of free nature pictures. Download HD nature photos for free on Unsplash.","cover_photo":{"id":"VE5FRc7uiC4","created_at":"2018-10-15T04:58:20-04:00","updated_at":"2020-03-21T01:03:55-04:00","promoted_at":"2018-10-15T08:23:00-04:00","width":4640,"height":3480,"color":"#989EAF","description":"lost in the sky","alt_description":"star in space","urls":{"raw":"https://images.unsplash.com/photo-1539593395743-7da5ee10ff07?ixlib=rb-1.2.1","full":"https://images.unsplash.com/photo-1539593395743-7da5ee10ff07?ixlib=rb-1.2.1&q=85&fm=jpg&crop=entropy&cs=srgb","regular":"https://images.unsplash.com/photo-1539593395743-7da5ee10ff07?ixlib=rb-1.2.1&q=80&fm=jpg&crop=entropy&cs=tinysrgb&w=1080&fit=max","small":"https://images.unsplash.com/photo-1539593395743-7da5ee10ff07?ixlib=rb-1.2.1&q=80&fm=jpg&crop=entropy&cs=tinysrgb&w=400&fit=max","thumb":"https://images.unsplash.com/photo-1539593395743-7da5ee10ff07?ixlib=rb-1.2.1&q=80&fm=jpg&crop=entropy&cs=tinysrgb&w=200&fit=max"},"links":{"self":"https://api.unsplash.com/photos/VE5FRc7uiC4","html":"https://unsplash.com/photos/VE5FRc7uiC4","download":"https://unsplash.com/photos/VE5FRc7uiC4/download","download_location":"https://api.unsplash.com/photos/VE5FRc7uiC4/download"},"categories":[],"likes":96,"liked_by_user":false,"current_user_collections":[],"user":{"id":"PvaYY7qgvqU","updated_at":"2020-03-20T18:02:10-04:00","username":"akin","name":"AK¥N Cakiner","first_name":"AK¥N","last_name":"Cakiner","twitter_username":"pausyworld","portfolio_url":"https://akincakiner.com/","bio":null,"location":"almelo","links":{"self":"https://api.unsplash.com/users/akin","html":"https://unsplash.com/@akin","photos":"https://api.unsplash.com/users/akin/photos","likes":"https://api.unsplash.com/users/akin/likes","portfolio":"https://api.unsplash.com/users/akin/portfolio","following":"https://api.unsplash.com/users/akin/following","followers":"https://api.unsplash.com/users/akin/followers"},"profile_image":{"small":"https://images.unsplash.com/profile-1578436703762-5a9ab2f10de8image?ixlib=rb-1.2.1&q=80&fm=jpg&crop=faces&cs=tinysrgb&fit=crop&h=32&w=32","medium":"https://images.unsplash.com/profile-1578436703762-5a9ab2f10de8image?ixlib=rb-1.2.1&q=80&fm=jpg&crop=faces&cs=tinysrgb&fit=crop&h=64&w=64","large":"https://images.unsplash.com/profile-1578436703762-5a9ab2f10de8image?ixlib=rb-1.2.1&q=80&fm=jpg&crop=faces&cs=tinysrgb&fit=crop&h=128&w=128"},"instagram_username":"akincakiner","total_collections":0,"total_likes":61,"total_photos":243,"accepted_tos":true}}}},{"type":"search","title":"outdoors"},{"type":"landing_page","title":"water","source":{"ancestry":{"type":{"slug":"wallpapers","pretty_slug":"HD Wallpapers"},"category":{"slug":"nature","pretty_slug":"Nature"},"subcategory":{"slug":"water","pretty_slug":"Water"}},"title":"HD Water Wallpapers","subtitle":"Download Free Water Wallpapers","description":"Choose from a curated selection of water wallpapers for your mobile and desktop screens. Always free on Unsplash.","meta_title":"Water Wallpapers: Free HD Download [500+ HQ] | Unsplash","meta_description":"Choose from hundreds of free water wallpapers. Download HD wallpapers for free on Unsplash.","cover_photo":{"id":"fbbxMwwKqZk","created_at":"2019-07-29T12:55:54-04:00","updated_at":"2020-03-21T01:03:59-04:00","promoted_at":null,"width":3631,"height":5446,"color":"#181B1A","description":null,"alt_description":"white and black cardboard box","urls":{"raw":"https://images.unsplash.com/photo-1564419320461-6870880221ad?ixlib=rb-1.2.1","full":"https://images.unsplash.com/photo-1564419320461-6870880221ad?ixlib=rb-1.2.1&q=85&fm=jpg&crop=entropy&cs=srgb","regular":"https://images.unsplash.com/photo-1564419320461-6870880221ad?ixlib=rb-1.2.1&q=80&fm=jpg&crop=entropy&cs=tinysrgb&w=1080&fit=max","small":"https://images.unsplash.com/photo-1564419320461-6870880221ad?ixlib=rb-1.2.1&q=80&fm=jpg&crop=entropy&cs=tinysrgb&w=400&fit=max","thumb":"https://images.unsplash.com/photo-1564419320461-6870880221ad?ixlib=rb-1.2.1&q=80&fm=jpg&crop=entropy&cs=tinysrgb&w=200&fit=max"},"links":{"self":"https://api.unsplash.com/photos/fbbxMwwKqZk","html":"https://unsplash.com/photos/fbbxMwwKqZk","download":"https://unsplash.com/photos/fbbxMwwKqZk/download","download_location":"https://api.unsplash.com/photos/fbbxMwwKqZk/download"},"categories":[],"likes":98,"liked_by_user":false,"current_user_collections":[],"user":{"id":"8Ae1yJe8OoA","updated_at":"2020-03-20T11:24:04-04:00","username":"boxedwater","name":"Boxed Water Is Better","first_name":"Boxed Water Is Better","last_name":null,"twitter_username":"boxedwater","portfolio_url":"https://boxedwaterisbetter.com/","bio":"👋 We're a sustainable alternative to plastic water bottles.","location":"Grand Rapids, MI","links":{"self":"https://api.unsplash.com/users/boxedwater","html":"https://unsplash.com/@boxedwater","photos":"https://api.unsplash.com/users/boxedwater/photos","likes":"https://api.unsplash.com/users/boxedwater/likes","portfolio":"https://api.unsplash.com/users/boxedwater/portfolio","following":"https://api.unsplash.com/users/boxedwater/following","followers":"https://api.unsplash.com/users/boxedwater/followers"},"profile_image":{"small":"https://images.unsplash.com/profile-1557251674406-effb9d313841?ixlib=rb-1.2.1&q=80&fm=jpg&crop=faces&cs=tinysrgb&fit=crop&h=32&w=32","medium":"https://images.unsplash.com/profile-1557251674406-effb9d313841?ixlib=rb-1.2.1&q=80&fm=jpg&crop=faces&cs=tinysrgb&fit=crop&h=64&w=64","large":"https://images.unsplash.com/profile-1557251674406-effb9d313841?ixlib=rb-1.2.1&q=80&fm=jpg&crop=faces&cs=tinysrgb&fit=crop&h=128&w=128"},"instagram_username":"boxedwater","total_collections":0,"total_likes":3,"total_photos":82,"accepted_tos":true}}}}]}]}]